"Показник","Територіальний розріз","Вид економічної діяльності","Категорія розрізу","Розріз","Періодичність","2021-M01","2021-M02","2021-M03","2021-M04","2021-M05","2021-M06","2021-M07","2021-M08","2021-M09","2021-M10","2021-M11","2021-M12","2022-M01","2022-M02","2022-M03","2022-M04","2022-M05","2022-M06","2022-M07","2022-M08","2022-M09","2022-M10","2022-M11","2022-M12","2023-M01","2023-M02","2023-M03","2023-M04","2023-M05","2023-M06","2023-M07","2023-M08","2023-M09","2023-M10","2023-M11","2023-M12","2024-M01","2024-M02","2024-M03","2024-M04","2024-M05","2024-M06","2024-M07","2024-M08","2024-M09","2024-M10","2024-M11","2024-M12","2025-M01","2025-M02","2025-M03","2025-M04","2025-M05","2025-M06","2025-M07","2025-M08","2025-M09","2025-M10","2025-M11","2025-M12","2026-M01","2026-M02","2026-M03","2026-M04","2026-M05","2026-M06"
"Середньомісячна заробітна плата (номінальна) штатного працівника","Україна","Складське господарство та допоміжна діяльність у сфері транспорту","Стать","Усього","Місячна","13158","13002","13237","13390","13535","13581","14017","14276","14438","14574","14681","14961","","","","","","","","","","","","","15370","15333","15771","","","","","","","","","","21373","21156","21188","21583","21845","22166","22512","22748","22906","23152","23296","23714","26373","26227","26061","26288","26285","26487","26843","27042","27323","27634","27808","28250","31065","30851","30982","31407","31489","31790"
"Середньомісячна заробітна плата (номінальна) штатного працівника","Україна","Авіаційний транспорт","Стать","Усього","Місячна","22394","22503","23409","23972","24791","25541","26177","26739","27084","27390","27677","28506","","","","","","","","","","","","","27820","29026","29377","","","","","","","","","","34163","34085","34494","37380","38138","38871","39818","40293","40382","40960","41267","43416","52433","51669","52527","53416","54579","55389","55743","55975","56093","56171","56067","57471","58249","57889","58789","59224","60408","61581"
"Середньомісячна заробітна плата (номінальна) штатного працівника","Україна","Наземний і трубопровідний транспорт","Стать","Усього","Місячна","11766","11356","11419","11836","11973","12004","12382","12679","12782","12881","12915","13121","","","","","","","","","","","","","13405","13078","13299","","","","","","","","","","17229","16741","16838","17219","17465","17706","18025","18258","18396","18643","18795","19323","20961","20645","20883","21192","21344","21560","21880","22016","22393","22652","22738","23057","25087","24315","24658","25019","25297","25710"
"Середньомісячна заробітна плата (номінальна) штатного працівника","Україна","Діяльність у сфері творчості, мистецтва та розваг","Стать","Усього","Місячна","9706","10326","10436","10273","10385","10698","10897","10923","10979","10990","11025","11315","","","","","","","","","","","","","9704","9934","10171","","","","","","","","","","11112","11331","11515","11664","11835","12137","12275","12304","12463","12601","12774","13136","12580","12708","13011","13131","13257","13579","13705","13743","13859","13953","14084","14390","13822","14031","14416","14757","14986","15445"
"Середньомісячна заробітна плата (номінальна) штатного працівника","Україна","Добування кам'яного та бурого вугілля","Стать","Усього","Місячна","17948","17110","17526","17614","17597","17554","17632","17699","17708","17722","17779","17883","","","","","","","","","","","","","21846","22259","22809","","","","","","","","","","27777","27755","28145","28679","28575","28390","28287","28531","28892","29127","29316","29723","32038","31692","31782","32836","33259","33552","33959","34377","34763","34895","34947","35090","37215","36702","36885","37782","38183","38388"
"Середньомісячна заробітна плата (номінальна) штатного працівника","Україна","Виробництво електричного устатковання","Стать","Усього","Місячна","10232","10792","11085","11254","11411","11590","11811","11949","12083","12169","12275","12508","","","","","","","","","","","","","12600","12901","13347","","","","","","","","","","16912","17429","17734","18176","18545","18778","19040","19236","19461","19674","20029","20443","22721","22899","23417","23818","24352","24488","24719","24867","24960","25130","25277","25536","27595","27662","28258","28604","29290","29881"
"Середньомісячна заробітна плата (номінальна) штатного працівника","Україна","Виробництво основних фармацевтичних продуктів і фармацевтичних препаратів","Стать","Усього","Місячна","21418","22087","23894","24523","24403","24214","24223","24325","24306","24435","24550","24914","","","","","","","","","","","","","29179","31194","31395","","","","","","","","","","37864","37285","38345","40171","40092","39640","39962","40390","40530","40651","40805","40928","42768","42800","43567","45050","45377","45058","45404","45870","45860","46003","46423","46815","51159","51151","53077","55235","54745","54229"
"Середньомісячна заробітна плата (номінальна) штатного працівника","Україна","Сільське господарство та надання пов'язаних із ними послуг","Стать","Усього","Місячна","9529","9434","9647","10379","10652","10761","11005","11095","11181","11356","11499","11733","","","","","","","","","","","","","12357","11853","12159","","","","","","","","","","14404","14159","14482","15155","15703","15911","16272","16424","16833","17080","17349","17710","20733","20689","21399","21816","22479","22702","23012","23278","23504","23667","23792","24034","26924","26320","26730","27191","28499","28735"
"Середньомісячна заробітна плата (номінальна) штатного працівника","Україна","Виробництво коксу та продуктів нафтоперероблення","Стать","Усього","Місячна","17532","16850","17535","17606","17732","17890","18123","18005","17866","17953","17881","17966","","","","","","","","","","","","","17552","17545","17870","","","","","","","","","","17739","18490","19862","20898","21407","21831","22337","22634","22824","23060","23278","23621","27072","26002","25569","26396","26759","27200","27776","28181","28377","28570","28583","28725","32584","32352","34158","34700","35175","35717"
"Середньомісячна заробітна плата (номінальна) штатного працівника","Україна","Сільське господарство, лісове господарство та рибне господарство","Стать","Усього","Місячна","9565","9580","9956","10628","10881","11060","11317","11442","11623","11800","11964","12287","","","","","","","","","","","","","12224","11883","12312","","","","","","","","","","14467","14543","14988","15611","16120","16335","16680","16827","17246","17490","17739","18088","20682","20673","21530","21929","22565","22810","23121","23378","23645","23804","23922","24227","26877","26358","27296","27727","28894","29205"
"Середньомісячна заробітна плата (номінальна) штатного працівника","Україна","Виробництво хімічних речовин і хімічної продукції","Стать","Усього","Місячна","12271","12393","12711","12881","13149","13314","13454","13538","13601","13630","13624","13768","","","","","","","","","","","","","12005","11875","12210","","","","","","","","","","15905","15750","15971","16782","17528","17601","17777","17907","18047","18214","18426","18791","25335","24908","25177","25956","26662","26851","27066","27142","27290","27473","27601","28427","31289","30138","30542","31341","32076","32385"
"Середньомісячна заробітна плата (номінальна) штатного працівника","Україна","Функціювання бібліотек, архівів, музеїв та інших закладів культури","Стать","Усього","Місячна","8971","9138","9367","9360","9549","9808","9995","10078","10167","10164","10197","10462","","","","","","","","","","","","","9252","9401","9592","","","","","","","","","","10484","10839","11055","11310","11611","11915","12149","12268","12493","12617","12762","13140","11995","12220","12476","12719","12993","13273","13500","13608","13786","13861","13972","14360","13104","13433","13867","14191","14579","14980"
"Середньомісячна заробітна плата (номінальна) штатного працівника","Україна","Водний транспорт","Стать","Усього","Місячна","12604","12429","12917","13429","13736","13914","14127","14271","14389","14366","14372","14473","","","","","","","","","","","","","17528","18024","18396","","","","","","","","","","27176","26419","26292","26258","26284","25986","26335","26273","26114","25985","25793","25768","26137","24488","24418","24973","24785","24576","24597","24629","24731","25071","25015","25044","25659","25653","25838","25908","26167","26465"
"Середньомісячна заробітна плата (номінальна) штатного працівника","Україна","Виробництво комп'ютерів, електронної та оптичної продукції","Стать","Усього","Місячна","12252","12936","13396","14156","14086","14202","14355","14435","14545","14548","14669","14997","","","","","","","","","","","","","20914","21546","22139","","","","","","","","","","27980","28754","29668","30143","30375","30763","31136","31489","31900","32391","32819","33799","36829","36777","37193","37691","37940","38473","38887","39142","39461","39728","40131","41105","36057","36308","37032","37746","38298","38875"
"Середньомісячна заробітна плата (номінальна) штатного працівника","Україна","Поштова та кур'єрська діяльність","Стать","Усього","Місячна","7524","7480","7768","7762","7779","7927","7919","7915","8009","8038","8058","8214","","","","","","","","","","","","","9437","9491","9941","","","","","","","","","","13720","13721","14353","14661","15304","15579","15928","16116","16262","16530","16674","16901","17768","18519","18312","18537","18473","18509","18659","18656","18659","18777","18743","18759","20737","19972","19691","20075","20063","20160"
"Середньомісячна заробітна плата (номінальна) штатного працівника","Україна","Наукові дослідження та розробки","Стать","Усього","Місячна","13333","13406","13770","13909","13968","14181","14359","14506","14643","14661","14762","15179","","","","","","","","","","","","","15818","15959","16509","","","","","","","","","","17745","18329","19119","19528","20016","20372","20644","20837","21178","21431","21730","22443","21835","22121","22652","23105","23471","23895","24235","24409","24682","24911","25124","25882","28840","29175","30248","31138","31724","32532"
"Середньомісячна заробітна плата (номінальна) штатного працівника","Україна","Охорона здоров'я","Стать","Усього","Місячна","10786","10992","11510","11630","11651","11761","11700","11616","11516","11494","11530","11825","","","","","","","","","","","","","13408","13502","13753","","","","","","","","","","14712","15111","15488","15775","16026","16276","16645","16732","16791","16832","16864","17124","16545","16857","17220","17480","17687","17909","18250","18317","18334","18367","18435","18692","18904","19191","19594","19822","20084","20375"
"Середньомісячна заробітна плата (номінальна) штатного працівника","Україна","Виробництво машин і устатковання, н.в.і.у.","Стать","Усього","Місячна","10852","11227","11988","12081","12145","12466","12592","12644","12835","12818","12860","13012","","","","","","","","","","","","","10710","11025","11742","","","","","","","","","","15552","16005","16482","16985","17526","17878","18212","18444","18822","19046","19306","20000","22334","22573","23350","24187","24549","24957","25329","25551","26109","26304","26434","27012","27209","27209","28072","28553","28837","29568"
"Середньомісячна заробітна плата (номінальна) штатного працівника","Україна","Тимчасове розміщування й організація харчування","Стать","Усього","Місячна","6647","7272","7432","7320","7638","7859","8011","8244","8339","8393","8433","8543","","","","","","","","","","","","","9774","9982","10228","","","","","","","","","","13063","15235","14907","14916","15025","15124","15296","15414","15463","15569","15626","15835","16712","17696","17825","17918","18154","18428","18592","18641","18659","18826","18956","19287","22121","22512","22545","22524","22712","22782"
"Середньомісячна заробітна плата (номінальна) штатного працівника","Україна","Виробництво автотранспортних засобів, причепів і напівпричепів та інших транспортних засобів","Стать","Усього","Місячна","11105","11574","12080","12379","12474","12675","12887","12960","13106","13177","13329","13572","","","","","","","","","","","","","16264","16573","17305","","","","","","","","","","21002","21226","21779","22281","22632","22980","23378","23742","24045","24395","24793","25361","29861","29907","30645","31078","31507","31885","32295","32483","32836","33162","33466","34247","41375","41549","42864","43662","44765","45743"
"Середньомісячна заробітна плата (номінальна) штатного працівника","Україна","Переробна промисловість","Стать","Усього","Місячна","11832","11879","12349","12504","12618","12761","12927","13032","13119","13186","13254","13432","","","","","","","","","","","","","14136","14350","14872","","","","","","","","","","18598","18717","19204","19747","20089","20332","20617","20835","21242","21515","21796","22258","25371","25056","25542","25969","26290","26512","26792","26969","27186","27444","27637","28061","30580","30394","31261","31699","32121","32609"
"Середньомісячна заробітна плата (номінальна) штатного працівника","Україна","Текстильне виробництво, виробництво одягу, шкіри, виробів зі шкіри та інших матеріалів","Стать","Усього","Місячна","7321","7716","7913","7873","7920","8093","8264","8386","8476","8564","8634","8761","","","","","","","","","","","","","10346","10492","10888","","","","","","","","","","12665","12784","12938","13154","13323","13442","13604","13762","13909","14114","14274","14455","16126","16009","16220","16262","16453","16588","16726","16851","16945","17075","17146","17259","18172","18261","18470","18566","18831","19276"
"Середньомісячна заробітна плата (номінальна) штатного працівника","Україна","Добувна промисловість і розроблення кар'єрів","Стать","Усього","Місячна","17813","17149","17932","18540","18585","18614","18757","18837","18973","18981","18988","19309","","","","","","","","","","","","","19507","19302","19796","","","","","","","","","","24262","24655","25287","25823","25880","25929","26056","26263","26699","26871","26949","27202","29490","29108","29824","30461","30823","31052","31471","31778","32496","32602","32563","32726","33980","32856","33065","33849","34053","34412"
"Середньомісячна заробітна плата (номінальна) штатного працівника","Україна","Фінансова та страхова діяльність","Стать","Усього","Місячна","24095","23208","23564","23562","23245","23154","23341","23365","23277","23312","23322","23975","","","","","","","","","","","","","29216","32224","32946","","","","","","","","","","34798","38533","38961","39093","39208","39337","39861","40011","40012","40273","40386","41204","44295","47314","50057","51320","51574","51464","52092","52113","51961","52158","52161","53123","54901","58426","60588","62803","63112","62767"
"Середньомісячна заробітна плата (номінальна) штатного працівника","Україна","Виробництво харчових продуктів, напоїв і тютюнових виробів","Стать","Усього","Місячна","11145","11085","11356","11506","11670","11786","11954","12008","12069","12167","12268","12448","","","","","","","","","","","","","14832","14637","15009","","","","","","","","","","18333","18197","18540","18912","19182","19317","19505","19651","20390","20655","20918","21347","24521","23862","24160","24306","24618","24710","24928","25088","25231","25597","25853","26162","28856","28508","29044","29194","29455","29712"
"Середньомісячна заробітна плата (номінальна) штатного працівника","Україна","Постачання електроенергії, газу, пари та кондиційованого повітря","Стать","Усього","Місячна","18130","17827","18790","18710","18588","18624","18750","18806","19024","19014","18980","19752","","","","","","","","","","","","","21025","20911","21893","","","","","","","","","","25402","24538","24798","26443","26349","26259","26324","26297","26393","26492","26808","27721","30470","29513","31168","31826","31824","31896","32134","32370","32669","32907","33041","33975","35474","34317","35945","36455","36406","36612"
"Середньомісячна заробітна плата (номінальна) штатного працівника","Україна","Промисловість","Стать","Усього","Місячна","13374","13285","13855","14008","14065","14172","14323","14414","14523","14569","14614","14902","","","","","","","","","","","","","15846","15942","16538","","","","","","","","","","20052","20038","20486","21177","21399","21552","21769","21935","22263","22482","22735","23241","25986","25551","26245","26693","26943","27129","27403","27594","27854","28086","28246","28722","31084","30638","31570","32014","32308","32712"
"Середньомісячна заробітна плата (номінальна) штатного працівника","Україна","Виробництво гумових і пластмасових виробів, іншої неметалевої мінеральної продукції","Стать","Усього","Місячна","10937","11066","11468","11743","11907","12055","12302","12409","12531","12598","12633","12776","","","","","","","","","","","","","11735","12160","12785","","","","","","","","","","16461","16747","17194","17693","18237","18507","18800","19008","19396","19659","19841","20195","23110","22936","23146","23924","24053","24424","24826","24993","25104","25326","25469","25752","27818","27839","28555","28959","29321","29949"
"Середньомісячна заробітна плата (номінальна) штатного працівника","Україна","Металургійне виробництво, виробництво готових металевих виробів, крім машин і устатковання","Стать","Усього","Місячна","15594","14789","15555","15443","15542","15604","15723","15949","15936","15976","15977","16110","","","","","","","","","","","","","14375","14634","15253","","","","","","","","","","20770","20798","21640","22530","22929","23442","23841","24085","24412","24749","25075","25667","28103","27475","28613","28970","29331","29644","29851","30033","30268","30479","30590","31022","32174","31620","32943","33022","33230","33620"
"Середньомісячна заробітна плата (номінальна) штатного працівника","Україна","Будівництво","Стать","Усього","Місячна","9238","9542","9797","10095","10266","10445","10650","10807","10986","11072","11136","11289","","","","","","","","","","","","","9781","9916","10205","","","","","","","","","","14262","14317","14545","14856","15103","15384","15600","15816","16083","16307","16573","16974","19595","19380","19856","20195","20475","20792","21074","21314","21667","21866","21955","22384","22786","22616","22994","23274","23597","24048"
"Середньомісячна заробітна плата (номінальна) штатного працівника","Україна","Оптова та роздрібна торгівля; ремонт автотранспортних засобів і мотоциклів","Стать","Усього","Місячна","11898","12072","12665","12672","12771","12865","12956","13046","13133","13193","13264","13488","","","","","","","","","","","","","16496","17153","17754","","","","","","","","","","22499","22136","22673","23198","23400","23480","23763","23961","24314","24600","24906","25273","28208","28208","28862","29299","29538","29731","29971","30116","30243","30421","30902","31106","32831","32993","33744","34169","34494","35218"
"Середньомісячна заробітна плата (номінальна) штатного працівника","Україна","Виробництво меблів, іншої продукції; ремонт і монтаж машин і устатковання","Стать","Усього","Місячна","11655","11764","12123","12324","12389","12496","12648","12735","12862","12915","12963","13139","","","","","","","","","","","","","13651","13597","14008","","","","","","","","","","17841","17975","18313","18774","19030","19285","19547","19754","20028","20286","20577","21073","24779","24213","24358","24755","24821","24898","25094","25167","25434","25589","25658","25983","27541","27162","28014","28674","28874","29180"
"Середньомісячна заробітна плата (номінальна) штатного працівника","Україна","Водопостачання; каналізація, поводження з відходами","Стать","Усього","Місячна","10131","10105","10353","10415","10457","10553","10693","10773","10827","10864","10884","11032","","","","","","","","","","","","","13034","12985","13409","","","","","","","","","","15511","15452","15719","15773","15906","15981","16120","16246","16329","16446","16542","16818","17872","17484","17887","17974","18123","18260","18440","18575","18679","18793","18892","19139","21663","21331","21847","21954","22074","22273"
"Середньомісячна заробітна плата (номінальна) штатного працівника","Україна","Транспорт, складське господарство, поштова та кур'єрська діяльність","Стать","Усього","Місячна","12210","11970","12159","12419","12567","12636","13008","13263","13398","13512","13585","13837","","","","","","","","","","","","","14275","14155","14491","","","","","","","","","","19140","18812","18928","19375","19674","19964","20318","20560","20710","20972","21125","21633","23873","23684","23747","24038","24145","24366","24685","24847","25158","25430","25541","25925","28013","27456","27701","28090","28304","28674"
"Середньомісячна заробітна плата (номінальна) штатного працівника","Україна","Інформація та телекомунікації","Стать","Усього","Місячна","21941","22470","23480","24375","24550","24821","24838","24835","24900","24929","25130","25530","","","","","","","","","","","","","33072","36069","36546","","","","","","","","","","45917","48160","49541","49774","49667","49829","50233","50259","50757","51060","51425","52477","63592","63245","65419","65283","64702","64793","65145","65154","65061","65060","65232","66060","76905","77932","80550","79864","79278","79046"
"Середньомісячна заробітна плата (номінальна) штатного працівника","Україна","Виготовлення виробів з деревини, паперу та  поліграфічна діяльність","Стать","Усього","Місячна","10067","10223","10526","10727","10819","10980","11115","11262","11362","11458","11535","11725","","","","","","","","","","","","","12790","13727","14319","","","","","","","","","","15912","16319","16886","17337","17568","17790","18112","18276","18474","18700","18975","19313","20921","21029","21476","21927","22274","22495","22773","22965","23139","23357","23481","23731","24859","24861","25572","26028","26443","26911"
"Середньомісячна заробітна плата (номінальна) штатного працівника","Дніпропетровська","Усього","Стать","Усього","Місячна","12744","12532","12914","12968","13066","13192","13290","13371","13414","13445","13481","13669","","","","","","","","","","","","","14859","15671","15936","","","","","","","","","","19945","19507","19662","20102","20319","20566","20784","21001","21334","21622","21880","22233","24429","24188","24647","24925","25150","25483","25755","25880","26048","26228","26717","26803","27791","27653","28279","28653","28962","29629"
"Середньомісячна заробітна плата (номінальна) штатного працівника","Запорізька","Усього","Стать","Усього","Місячна","12542","12482","12897","12971","13072","13209","13336","13412","13482","13482","13507","13782","","","","","","","","","","","","","13946","13957","14445","","","","","","","","","","16673","16729","16903","17464","17769","18025","18206","18311","18434","18739","18897","19257","22288","21939","22158","23392","23629","23771","23902","23995","24059","24171","24244","24599","24720","24750","25254","25833","26092","26534"
"Середньомісячна заробітна плата (номінальна) штатного працівника","Донецька","Усього","Стать","Усього","Місячна","13786","13505","14306","14202","14253","14374","14502","14545","14611","14629","14645","14853","","","","","","","","","","","","","13158","13450","13899","","","","","","","","","","18861","19135","19458","19895","20217","20500","20727","20969","21142","21291","21424","21801","21607","21478","21503","21824","21943","22232","22520","22707","22919","23030","23103","23581","25096","25911","26534","26854","27206","27857"
"Середньомісячна заробітна плата (номінальна) штатного працівника","Україна","Діяльність у сфері адміністративного та допоміжного обслуговування","Стать","Усього","Місячна","10304","10359","10565","10593","10619","10689","10774","10845","10895","10946","10991","11186","","","","","","","","","","","","","13123","13055","13438","","","","","","","","","","15565","15561","15925","16216","16378","16519","16709","16816","16928","17078","17194","17536","18371","18253","18650","18863","18992","19114","19288","19386","19507","19628","19715","20012","22564","22324","22941","23366","23613","23850"
"Середньомісячна заробітна плата (номінальна) штатного працівника","Україна","Освіта","Стать","Усього","Місячна","10310","10672","10770","10793","10951","11483","11541","11409","11512","11514","11532","11817","","","","","","","","","","","","","10603","10847","11038","","","","","","","","","","12235","12477","12664","12870","13134","13835","13872","13759","13959","14049","14165","14584","13822","14094","14316","14478","14703","15385","15474","15348","15518","15664","15751","16110","17931","18379","18716","19059","19481","20480"
"Середньомісячна заробітна плата (номінальна) штатного працівника","Київська","Усього","Стать","Усього","Місячна","12645","12696","12946","13189","13322","13550","13693","13760","13862","13932","14007","14290","","","","","","","","","","","","","14470","14919","15282","","","","","","","","","","18302","18288","18759","19264","19580","19916","20222","20328","20685","20915","21073","21597","22932","22948","23301","23786","24034","24429","24654","24816","25033","25243","25410","25897","28598","28837","29227","29566","30127","30756"
"Середньомісячна заробітна плата (номінальна) штатного працівника","Україна","Операції з нерухомим майном","Стать","Усього","Місячна","9683","10030","10138","10320","10483","10603","10730","10811","10872","10904","10938","11142","","","","","","","","","","","","","13578","13529","13754","","","","","","","","","","17003","17463","17646","18087","18366","18444","18636","18754","19103","19195","19333","19667","20633","20515","20931","21224","21963","22304","22400","22481","22538","22645","22729","23113","24509","24977","25202","25824","25810","26130"
"Середньомісячна заробітна плата (номінальна) штатного працівника","Україна","Усього","Стать","Усього","Місячна","12337","12443","12835","13013","13110","13310","13458","13525","13604","13648","13705","14014","","","","","","","","","","","","","14742","15017","15436","","","","","","","","","","18316","18539","18935","19378","19654","19965","20226","20371","20628","20821","21016","21522","22992","23062","23629","24011","24260","24572","24844","24976","25157","25331","25496","25946","27975","28148","28885","29297","29632","30161"
"Середньомісячна заробітна плата (номінальна) штатного працівника","Україна","Професійна, наукова та технічна діяльність","Стать","Усього","Місячна","16602","17083","17649","18711","18518","18606","18691","18750","18834","18856","18879","19369","","","","","","","","","","","","","20211","20175","21177","","","","","","","","","","24139","24835","25976","26532","26711","27015","27167","27415","27912","28058","28215","28974","28823","29231","30488","31660","31694","31982","32276","32476","32771","32964","33077","33816","34522","35605","37162","37962","38029","38500"
"Середньомісячна заробітна плата (номінальна) штатного працівника","Україна","Надання інших видів послуг","Стать","Усього","Місячна","11657","11652","12219","12269","12285","12581","13006","13012","13020","13028","13050","13279","","","","","","","","","","","","","16344","16238","16967","","","","","","","","","","21665","22365","22750","22936","24027","24095","24184","24275","24369","24466","24654","25433","27031","26803","27480","28028","28011","28097","28243","28339","28475","28701","28841","29481","30472","31103","33014","33762","34229","34657"
"Середньомісячна заробітна плата (номінальна) штатного працівника","Україна","Мистецтво, спорт, розваги та відпочинок","Стать","Усього","Місячна","10437","11171","11362","11284","11440","11743","11942","12010","12144","12177","12238","12508","","","","","","","","","","","","","11109","11806","12128","","","","","","","","","","12853","13207","13678","13887","14075","14397","14629","14728","15189","15372","15530","15889","15660","15809","16114","16371","16634","16920","17094","17267","17493","17606","17751","18020","17828","18253","18645","18959","19527","20090"
"Середньомісячна заробітна плата (номінальна) штатного працівника","Україна","Охорона здоров'я та надання соціальної допомоги","Стать","Усього","Місячна","10573","10766","11254","11374","11404","11517","11469","11398","11309","11294","11329","11616","","","","","","","","","","","","","13126","13232","13489","","","","","","","","","","14466","14848","15216","15501","15749","15997","16344","16437","16500","16556","16595","16859","16460","16757","17116","17371","17573","17791","18112","18181","18202","18248","18320","18587","19101","19504","19929","20163","20440","20744"
"Середньомісячна заробітна плата (номінальна) штатного працівника","Івано-Франківська","Усього","Стать","Усього","Місячна","10558","10666","10943","11184","11283","11551","11703","11712","11785","11797","11807","11988","","","","","","","","","","","","","12183","12292","12604","","","","","","","","","","14577","14776","14988","15304","15560","16003","16209","16319","16502","16627","16739","17069","18049","17994","18256","18613","18866","19288","19570","19645","19799","19911","19998","20271","22190","22113","22578","22869","23144","23736"
"Середньомісячна заробітна плата (номінальна) штатного працівника","Україна","Державне управління й оборона; обов'язкове соціальне страхування","Стать","Усього","Місячна","15231","15579","15889","16197","16542","17095","17615","18055","18141","18184","18340","19048","","","","","","","","","","","","","18186","18605","19021","","","","","","","","","","22311","22887","23424","24003","24717","25370","26029","26698","26934","27281","27610","29123","27396","27793","28225","28776","29276","29854","30426","31009","31215","31474","31728","33173","31372","32135","32974","33618","34214","35069"
"Середньомісячна заробітна плата (номінальна) штатного працівника","Львівська","Усього","Стать","Усього","Місячна","11038","11089","11376","11548","11652","11862","12014","12103","12205","12239","12285","12530","","","","","","","","","","","","","14147","14047","14358","","","","","","","","","","16849","16800","17102","17487","17737","18038","18308","18445","18681","18863","19017","19410","21146","20988","21420","21762","22019","22347","22608","22710","22891","23064","23166","23500","26243","26102","26661","27002","27334","28261"
"Середньомісячна заробітна плата (номінальна) штатного працівника","Київ","Усього","Стать","Усього","Місячна","17533","18019","18722","19145","19174","19387","19612","19705","19811","19878","19994","20558","","","","","","","","","","","","","22206","23098","23890","","","","","","","","","","27782","28788","29681","30287","30501","30756","31076","31240","31604","31796","32031","32799","34978","35518","36751","37399","37607","37843","38226","38388","38578","38793","38960","39750","43865","44760","46307","46753","46829","47100"
"Середньомісячна заробітна плата (номінальна) штатного працівника","Одеська","Усього","Стать","Усього","Місячна","10995","11114","11370","11434","11547","11764","11886","11945","11979","12006","12050","12326","","","","","","","","","","","","","12528","12594","12938","","","","","","","","","","15044","15322","15557","15867","16176","16540","16778","16915","17080","17254","17450","18025","18855","19000","19198","19394","19550","19841","20064","20188","20302","20432","20564","21058","22369","22703","23053","23364","23635","24031"
"Середньомісячна заробітна плата (номінальна) штатного працівника","Харківська","Усього","Стать","Усього","Місячна","10364","10579","10826","11063","11186","11371","11514","11583","11698","11741","11799","12051","","","","","","","","","","","","","12263","12372","12683","","","","","","","","","","15622","15805","16020","16280","16565","16873","17149","17303","17571","17769","17952","18446","19108","19176","19538","19766","19980","20305","20539","20670","20900","21054","21188","21591","22813","22949","23370","23691","23985","24426"
"Середньомісячна заробітна плата (номінальна) штатного працівника","Полтавська","Усього","Стать","Усього","Місячна","11353","11446","11768","11971","12093","12259","12412","12492","12581","12662","12719","12988","","","","","","","","","","","","","13562","13387","13829","","","","","","","","","","16172","16413","16858","17151","17366","17638","17877","18031","18328","18502","18669","19054","19962","20051","20680","20825","20995","21258","21503","21629","21921","22071","22158","22469","23749","23532","24112","24326","24615","25023"
